{
    "Accuracy": 0.8103427097408181,
    "Precision": 0.8130036148865345,
    "Recall": 0.8103427097408181,
    "F1": 0.8115941079137077
}